{"cameraMode":{"drawMode":0,"name":"Shaded","section":"Shading Mode"},"sceneLighting":true,"audioPlay":false,"sceneViewState":{"showFog":true,"showMaterialUpdate":true,"showSkybox":true,"showFlares":true,"showImageEffects":true,"showParticleSystems":true},"in2DMode":false,"pivot":{"x":7.75427770614624,"y":-2.142814874649048,"z":16.667888641357423},"rotation":{"x":-0.10062439739704132,"y":0.017009519040584565,"z":-0.0017204922623932362,"w":-0.9947783350944519},"size":30.466205596923829,"orthographic":false}