{"cameraMode":{"drawMode":0,"name":"Shaded","section":"Shading Mode"},"sceneLighting":true,"audioPlay":false,"sceneViewState":{"showFog":true,"showMaterialUpdate":true,"showSkybox":true,"showFlares":true,"showImageEffects":true,"showParticleSystems":true},"in2DMode":false,"pivot":{"x":0.02974638342857361,"y":0.6838093400001526,"z":-0.032258570194244388},"rotation":{"x":0.04798264428973198,"y":0.9471235275268555,"z":-0.2682524025440216,"w":0.1694134771823883},"size":4.289508819580078,"orthographic":false}